DATE,ERI_PREC,ERI_EVAP,ERI_RUNO
1900-01-01,55.1,,
1900-02-01,108.5,,
1900-03-01,65.8,,
1900-04-01,43.2,,
1900-05-01,47.8,,
1900-06-01,69.6,,
1900-07-01,125.7,,
1900-08-01,73.7,,
1900-09-01,49.3,,
1900-10-01,55.4,,
1900-11-01,100.3,,
1900-12-01,22.9,,
1901-01-01,49.3,,
1901-02-01,43.7,,
1901-03-01,66,,
1901-04-01,69.1,,
1901-05-01,75.9,,
1901-06-01,61.5,,
1901-07-01,77.7,,
1901-08-01,79.5,,
1901-09-01,65.8,,
1901-10-01,31.8,,
1901-11-01,58.2,,
1901-12-01,100.1,,
1902-01-01,39.9,,
1902-02-01,28.2,,
1902-03-01,57.7,,
1902-04-01,41.1,,
1902-05-01,94,,
1902-06-01,151.9,,
1902-07-01,156,,
1902-08-01,34,,
1902-09-01,124,,
1902-10-01,59.9,,
1902-11-01,43.9,,
1902-12-01,69.6,,
1903-01-01,51.1,,
1903-02-01,83.6,,
1903-03-01,62.7,,
1903-04-01,100.8,,
1903-05-01,49.3,,
1903-06-01,104.9,,
1903-07-01,138.9,,
1903-08-01,117.9,,
1903-09-01,47.8,,
1903-10-01,61.5,,
1903-11-01,41.4,,
1903-12-01,58.7,,
1904-01-01,105.9,,
1904-02-01,71.6,,
1904-03-01,101.1,,
1904-04-01,67.8,,
1904-05-01,80.8,,
1904-06-01,37.8,,
1904-07-01,91.7,,
1904-08-01,78,,
1904-09-01,71.6,,
1904-10-01,55.4,,
1904-11-01,7.1,,
1904-12-01,55.1,,
1905-01-01,63.8,,
1905-02-01,46.2,,
1905-03-01,34,,
1905-04-01,60.5,,
1905-05-01,100.6,,
1905-06-01,91.7,,
1905-07-01,68.1,,
1905-08-01,80.3,,
1905-09-01,52.3,,
1905-10-01,69.6,,
1905-11-01,70.1,,
1905-12-01,46.2,,
1906-01-01,40.6,,
1906-02-01,26.2,,
1906-03-01,71.1,,
1906-04-01,45.7,,
1906-05-01,51.1,,
1906-06-01,65,,
1906-07-01,88.9,,
1906-08-01,88.9,,
1906-09-01,61.5,,
1906-10-01,132.1,,
1906-11-01,57.7,,
1906-12-01,82,,
1907-01-01,116.1,,
1907-02-01,19.3,,
1907-03-01,75.9,,
1907-04-01,55.4,,
1907-05-01,80.5,,
1907-06-01,92.5,,
1907-07-01,77.5,,
1907-08-01,34,,
1907-09-01,119.1,,
1907-10-01,95,,
1907-11-01,47.2,,
1907-12-01,94,,
1908-01-01,62.2,,
1908-02-01,102.9,,
1908-03-01,71.4,,
1908-04-01,74.7,,
1908-05-01,84.6,,
1908-06-01,53.3,,
1908-07-01,70.6,,
1908-08-01,89.9,,
1908-09-01,15.2,,
1908-10-01,32,,
1908-11-01,34,,
1908-12-01,51.8,,
1909-01-01,68.8,,
1909-02-01,103.1,,
1909-03-01,68.1,,
1909-04-01,81,,
1909-05-01,106.7,,
1909-06-01,78.7,,
1909-07-01,83.8,,
1909-08-01,73.4,,
1909-09-01,56.9,,
1909-10-01,51.6,,
1909-11-01,92.7,,
1909-12-01,74.4,,
1910-01-01,105.7,,
1910-02-01,89.4,,
1910-03-01,11.7,,
1910-04-01,94,,
1910-05-01,87.1,,
1910-06-01,42.2,,
1910-07-01,88.9,,
1910-08-01,45.2,,
1910-09-01,67.8,,
1910-10-01,109.7,,
1910-11-01,67.8,,
1910-12-01,64.8,,
1911-01-01,78.7,,
1911-02-01,64.3,,
1911-03-01,48.5,,
1911-04-01,69.3,,
1911-05-01,47.2,,
1911-06-01,71.6,,
1911-07-01,57.9,,
1911-08-01,117.9,,
1911-09-01,95,,
1911-10-01,106.2,,
1911-11-01,89.4,,
1911-12-01,72.6,,
1912-01-01,69.9,,
1912-02-01,52.3,,
1912-03-01,64,,
1912-04-01,88.4,,
1912-05-01,73.7,,
1912-06-01,60.5,,
1912-07-01,92.5,,
1912-08-01,114.6,,
1912-09-01,99.1,,
1912-10-01,85.9,,
1912-11-01,53.3,,
1912-12-01,56.6,,
1913-01-01,135.4,,
1913-02-01,46.7,,
1913-03-01,170.4,,
1913-04-01,72.6,,
1913-05-01,86.1,,
1913-06-01,61,,
1913-07-01,83.3,,
1913-08-01,90.4,,
1913-09-01,44.5,,
1913-10-01,98,,
1913-11-01,81.5,,
1913-12-01,25.7,,
1914-01-01,82,,31.3
1914-02-01,44.7,,41.9
1914-03-01,68.3,,146.6
1914-04-01,94,,90.8
1914-05-01,118.6,,59.8
1914-06-01,57.9,,20.9
1914-07-01,39.6,,16.9
1914-08-01,138.9,,12.1
1914-09-01,51.1,,19.1
1914-10-01,56.9,,16.6
1914-11-01,50.3,,23.8
1914-12-01,74.2,,29
1915-01-01,76.7,,26.2
1915-02-01,61.5,,62.9
1915-03-01,29.5,,103
1915-04-01,22.4,,71.4
1915-05-01,82.3,,27.8
1915-06-01,74.7,,20.8
1915-07-01,156,,20.9
1915-08-01,138.2,,71.6
1915-09-01,86.4,,68.3
1915-10-01,51.6,,52
1915-11-01,61.5,,33.8
1915-12-01,77.2,,35.9
1916-01-01,99.6,,244.3
1916-02-01,54.9,,92.8
1916-03-01,78.7,,142.1
1916-04-01,67.3,,123.6
1916-05-01,122.4,,83.6
1916-06-01,95.3,,83.3
1916-07-01,27.9,,14.6
1916-08-01,58.2,,7.3
1916-09-01,64.5,,4.8
1916-10-01,72.6,,8.5
1916-11-01,51.6,,8.7
1916-12-01,71.4,,14.5
1917-01-01,67.3,,43.8
1917-02-01,38.9,,25.6
1917-03-01,78.5,,128.7
1917-04-01,57.9,,123.5
1917-05-01,109.7,,60.8
1917-06-01,133.6,,47
1917-07-01,73.2,,53
1917-08-01,72.1,,9.7
1917-09-01,55.1,,7.2
1917-10-01,162.3,,24.6
1917-11-01,23.6,,27.5
1917-12-01,41.7,,18
1918-01-01,63.2,,10.1
1918-02-01,56.1,,136.5
1918-03-01,75.2,,183.4
1918-04-01,57.4,,37.2
1918-05-01,76.2,,24.1
1918-06-01,69.3,,16.2
1918-07-01,45.7,,6.4
1918-08-01,55.4,,5.5
1918-09-01,116.8,,20.1
1918-10-01,61.2,,11.2
1918-11-01,52.8,,23.1
1918-12-01,74.4,,93.2
1919-01-01,28.4,,42.1
1919-02-01,36.6,,20.3
1919-03-01,80.3,,186.2
1919-04-01,137.7,,77.2
1919-05-01,114.6,,81.4
1919-06-01,57.2,,18.1
1919-07-01,41.7,,9.5
1919-08-01,93.7,,11.2
1919-09-01,53.6,,6.6
1919-10-01,100.8,,38.3
1919-11-01,48.8,,57.6
1919-12-01,31.5,,40.8
1920-01-01,46.7,,9.7
1920-02-01,30.2,,15.8
1920-03-01,43.4,,152.2
1920-04-01,105.2,,127.8
1920-05-01,30,,31.1
1920-06-01,118.1,,14.3
1920-07-01,80.8,,45.5
1920-08-01,77.2,,12.8
1920-09-01,44.2,,8.2
1920-10-01,72.6,,9.2
1920-11-01,79.2,,50.1
1920-12-01,69.9,,78.4
1921-01-01,33,,64.4
1921-02-01,47.5,,73.3
1921-03-01,110.7,,201.7
1921-04-01,96.5,,109.7
1921-05-01,58.2,,75.1
1921-06-01,63.5,,18.5
1921-07-01,69.9,,13.6
1921-08-01,89.7,,7.2
1921-09-01,84.6,,8.5
1921-10-01,66.5,,12.9
1921-11-01,94,,70.7
1921-12-01,50.3,,67.1
1922-01-01,38.6,,36.2
1922-02-01,37.1,,56.1
1922-03-01,101.3,,151
1922-04-01,66.5,,236.4
1922-05-01,63.8,,96.7
1922-06-01,66,,23.2
1922-07-01,74.2,,12.9
1922-08-01,78.5,,6
1922-09-01,63,,13.7
1922-10-01,41.9,,5.3
1922-11-01,40.9,,6.1
1922-12-01,62.7,,16.5
1923-01-01,66,,87.4
1923-02-01,36.1,,49.2
1923-03-01,67.6,,158.5
1923-04-01,59.4,,75.3
1923-05-01,73.7,,84.8
1923-06-01,63.5,,12
1923-07-01,65,,10.3
1923-08-01,45.7,,7.2
1923-09-01,77.2,,9.1
1923-10-01,47.8,,4.7
1923-11-01,59.7,,11
1923-12-01,114.6,,155
1924-01-01,84.1,,120.9
1924-02-01,48.3,,66.3
1924-03-01,51.3,,169.5
1924-04-01,71.1,,91
1924-05-01,68.6,,63.7
1924-06-01,115.8,,103
1924-07-01,67.6,,42.9
1924-08-01,56.1,,4.7
1924-09-01,135.4,,30.3
1924-10-01,10.7,,16.6
1924-11-01,23.6,,4.7
1924-12-01,87.4,,66.4
1925-01-01,34.8,,12.3
1925-02-01,62,,124.1
1925-03-01,72.4,,139.7
1925-04-01,34.3,,16.7
1925-05-01,37.3,,11.8
1925-06-01,53.8,,4.2
1925-07-01,102.4,,10.7
1925-08-01,53.1,,5.9
1925-09-01,105.9,,19
1925-10-01,83.1,,38.8
1925-11-01,87.1,,101.5
1925-12-01,37.8,,35.9
1926-01-01,54.6,,61.6
1926-02-01,71.9,,124.7
1926-03-01,55.6,,134.7
1926-04-01,96.5,,164.5
1926-05-01,30.7,,16.4
1926-06-01,80.5,,15.3
1926-07-01,42.9,,8
1926-08-01,146.8,,24.9
1926-09-01,178.3,,148.1
1926-10-01,126.5,,142.9
1926-11-01,74.4,,80.3
1926-12-01,49.8,,45.5
1927-01-01,44.2,,99.8
1927-02-01,54.9,,150.4
1927-03-01,60.5,,179.5
1927-04-01,55.1,,83.6
1927-05-01,95.5,,82.3
1927-06-01,54.9,,35.3
1927-07-01,103.1,,8.2
1927-08-01,41.1,,8.9
1927-09-01,54.6,,4.9
1927-10-01,51.6,,5.5
1927-11-01,166.1,,47.7
1927-12-01,90.4,,222.1
1928-01-01,44.2,,92.3
1928-02-01,49.8,,129.3
1928-03-01,52.3,,74
1928-04-01,53.3,,84
1928-05-01,45.2,,22.6
1928-06-01,131.8,,73.3
1928-07-01,99.1,,33.8
1928-08-01,63.8,,6.9
1928-09-01,44.2,,2.9
1928-10-01,75.2,,4.5
1928-11-01,70.1,,18.1
1928-12-01,44.2,,33
1929-01-01,107.2,,134.1
1929-02-01,36.8,,69.2
1929-03-01,71.6,,161
1929-04-01,148.3,,171.8
1929-05-01,96,,112.7
1929-06-01,65,,16
1929-07-01,74.7,,50.6
1929-08-01,25.4,,10.5
1929-09-01,56.9,,4.6
1929-10-01,87.9,,32.6
1929-11-01,87.4,,77.6
1929-12-01,99.8,,116.5
1930-01-01,119.6,,317.4
1930-02-01,54.1,,107.5
1930-03-01,68.1,,103.4
1930-04-01,56.6,,86.5
1930-05-01,46.7,,15.9
1930-06-01,69.9,,10.3
1930-07-01,27.7,,3.4
1930-08-01,23.9,,2.2
1930-09-01,66.5,,2.9
1930-10-01,50,,3.7
1930-11-01,40.6,,4
1930-12-01,29.7,,13.1
1931-01-01,52.2,,19.5
1931-02-01,42.1,,23
1931-03-01,52.1,,40
1931-04-01,79.5,,66.9
1931-05-01,56.4,,25.8
1931-06-01,85.8,,19
1931-07-01,89.9,,8.4
1931-08-01,62.2,,3.9
1931-09-01,88.9,,6.8
1931-10-01,60,,6.7
1931-11-01,70.3,,12.6
1931-12-01,58.8,,59.8
1932-01-01,113.9,,180.1
1932-02-01,34.2,,62
1932-03-01,45,,52.9
1932-04-01,48.8,,54.9
1932-05-01,111.7,,43
1932-06-01,35.1,,9.6
1932-07-01,98,,10.9
1932-08-01,54.7,,3.2
1932-09-01,79.5,,5.9
1932-10-01,84.7,,7
1932-11-01,71.9,,35.9
1932-12-01,86.4,,99.2
1933-01-01,40.5,,91.9
1933-02-01,44.7,,46.9
1933-03-01,77.9,,166.8
1933-04-01,68.7,,124
1933-05-01,74.4,,146.6
1933-06-01,35.3,,7.3
1933-07-01,35.9,,5
1933-08-01,65.3,,3.6
1933-09-01,65.5,,8.3
1933-10-01,49.7,,10.4
1933-11-01,66.4,,12
1933-12-01,50.6,,20.6
1934-01-01,48.1,,32.1
1934-02-01,19.7,,6.3
1934-03-01,73.8,,73.4
1934-04-01,73.6,,94.6
1934-05-01,14.1,,7.5
1934-06-01,48,,4.2
1934-07-01,45.9,,3.2
1934-08-01,78.8,,6.2
1934-09-01,104.6,,4.8
1934-10-01,38.6,,3.2
1934-11-01,61.3,,10.9
1934-12-01,55.7,,13.3
1935-01-01,61.7,,45.6
1935-02-01,66.4,,43.3
1935-03-01,53.5,,80.6
1935-04-01,41.9,,18.9
1935-05-01,69.9,,80.3
1935-06-01,71.7,,10.2
1935-07-01,67.7,,17.8
1935-08-01,89.9,,28.9
1935-09-01,58.2,,3.8
1935-10-01,45.2,,3
1935-11-01,64.4,,6.7
1935-12-01,51.8,,24.2
1936-01-01,43.7,,12.6
1936-02-01,61.9,,89.1
1936-03-01,71.4,,130.3
1936-04-01,60.5,,41.4
1936-05-01,33.8,,25.5
1936-06-01,58.6,,4.3
1936-07-01,50.4,,2.1
1936-08-01,50.6,,1.2
1936-09-01,89.5,,2.4
1936-10-01,74.9,,5.3
1936-11-01,54.8,,11.8
1936-12-01,51.2,,8.6
1937-01-01,174.6,,241.8
1937-02-01,46.7,,92.9
1937-03-01,59.7,,47.8
1937-04-01,151.8,,121.1
1937-05-01,60.9,,43.6
1937-06-01,163.1,,86.5
1937-07-01,90,,64.7
1937-08-01,70.8,,20
1937-09-01,43,,9.4
1937-10-01,93.5,,17.9
1937-11-01,42.5,,6.9
1937-12-01,76.3,,36.3
1938-01-01,32.8,,24.6
1938-02-01,113.3,,114.5
1938-03-01,91,,170.8
1938-04-01,53.6,,143.1
1938-05-01,85.6,,19.3
1938-06-01,81.5,,27.3
1938-07-01,90.1,,19.9
1938-08-01,59.1,,15.2
1938-09-01,121.1,,9.5
1938-10-01,33.8,,3.6
1938-11-01,73.5,,9.7
1938-12-01,47.1,,14
1939-01-01,61.4,,19
1939-02-01,100.2,,133
1939-03-01,73.5,,190.5
1939-04-01,92.1,,123.6
1939-05-01,35.6,,17.4
1939-06-01,89.4,,26.2
1939-07-01,75.3,,11.6
1939-08-01,42.6,,6.5
1939-09-01,63.7,,2.9
1939-10-01,68,,6.4
1939-11-01,25.7,,7.6
1939-12-01,36.5,,12.8
1940-01-01,35.6,,15.1
1940-02-01,55.2,,46.1
1940-03-01,65.1,,124.8
1940-04-01,78.1,,176.4
1940-05-01,113.8,,37.1
1940-06-01,102.2,,58
1940-07-01,47.3,,16.3
1940-08-01,131.4,,7.8
1940-09-01,67.7,,9.3
1940-10-01,51.6,,6.8
1940-11-01,84.5,,17
1940-12-01,98.5,,75.4
1941-01-01,46,,59.3
1941-02-01,25.4,,32.5
1941-03-01,32.1,,50
1941-04-01,39.2,,56.2
1941-05-01,54.6,,12.5
1941-06-01,66.4,,23.8
1941-07-01,66.5,,7.7
1941-08-01,80.9,,4.4
1941-09-01,35.7,,3.7
1941-10-01,98.5,,9.6
1941-11-01,56,,14.3
1941-12-01,47.7,,22.5
1942-01-01,43.8,,24.4
1942-02-01,76,,110.2
1942-03-01,80,,180.4
1942-04-01,63.4,,134.9
1942-05-01,131.7,,35.2
1942-06-01,74.8,,31.3
1942-07-01,100.2,,15.9
1942-08-01,78.1,,25.6
1942-09-01,103.5,,12.8
1942-10-01,93.5,,16.7
1942-11-01,90.2,,67.4
1942-12-01,83.8,,100.6
1943-01-01,47.8,,91
1943-02-01,44.5,,99
1943-03-01,64.9,,135.2
1943-04-01,100.3,,62.2
1943-05-01,144.9,,258.5
1943-06-01,68,,86.3
1943-07-01,110.3,,78.7
1943-08-01,64.9,,19.3
1943-09-01,61.7,,16.2
1943-10-01,76.2,,11
1943-11-01,47.4,,22.7
1943-12-01,27.5,,12.4
1944-01-01,30.4,,15.2
1944-02-01,60.2,,47.7
1944-03-01,77.9,,137.7
1944-04-01,105.5,,187.5
1944-05-01,82,,69.3
1944-06-01,78,,33.8
1944-07-01,38.1,,6.1
1944-08-01,74.8,,4.5
1944-09-01,79.1,,4.4
1944-10-01,44.3,,5.1
1944-11-01,60.5,,8.2
1944-12-01,64.6,,10.2
1945-01-01,49,,10.5
1945-02-01,56.9,,75.4
1945-03-01,105.6,,169
1945-04-01,81.7,,98.1
1945-05-01,105.1,,126.5
1945-06-01,122.6,,66.9
1945-07-01,69.4,,20.2
1945-08-01,73.6,,9.5
1945-09-01,163.7,,14
1945-10-01,126.3,,72.8
1945-11-01,62.3,,36.4
1945-12-01,52,,51.2
1946-01-01,29,,80.5
1946-02-01,54.6,,56.2
1946-03-01,65.6,,116.4
1946-04-01,23.7,,17
1946-05-01,137.9,,53.6
1946-06-01,109.6,,98.1
1946-07-01,62.9,,16.3
1946-08-01,53.9,,7.5
1946-09-01,35.6,,5.2
1946-10-01,86.6,,7.7
1946-11-01,61.2,,14.8
1946-12-01,68.8,,30.8
1947-01-01,99.8,,104.7
1947-02-01,24.6,,48.6
1947-03-01,61.7,,93.3
1947-04-01,140.2,,219.2
1947-05-01,134.1,,158.4
1947-06-01,105.5,,150.8
1947-07-01,87.4,,24.6
1947-08-01,87.7,,15.1
1947-09-01,81.3,,23.1
1947-10-01,29.2,,12
1947-11-01,72.6,,22.5
1947-12-01,55,,44.3
1948-01-01,43.8,,56
1948-02-01,63.2,,101.2
1948-03-01,113,,244.5
1948-04-01,78.7,,105
1948-05-01,104.2,,105.5
1948-06-01,116.9,,24.3
1948-07-01,63,,53.7
1948-08-01,65.7,,37.7
1948-09-01,44.5,,24.9
1948-10-01,80.6,,24
1948-11-01,94.7,,54
1948-12-01,56.6,,89.8
1949-01-01,80.4,,236.8
1949-02-01,61.9,,278
1949-03-01,68.5,,167.5
1949-04-01,59.6,,120.8
1949-05-01,80.1,,81.4
1949-06-01,47,,39.7
1949-07-01,86.4,,31
1949-08-01,81.9,,21.7
1949-09-01,83.6,,25.9
1949-10-01,40,,26.8
1949-11-01,75.2,,26.4
1949-12-01,82.9,,148.7
1950-01-01,149.2,38.5,472.8
1950-02-01,105.1,38.9,267.6
1950-03-01,90.5,30.5,406.3
1950-04-01,96.6,14.1,307.6
1950-05-01,42.7,7,89
1950-06-01,69.2,49.8,57.7
1950-07-01,100.1,73.9,40.9
1950-08-01,71.8,113.5,29.9
1950-09-01,88.5,152,49.5
1950-10-01,68,138.7,57.6
1950-11-01,142.2,191.9,124.2
1950-12-01,63.3,78.1,262.5
1951-01-01,70.4,31.3,262.7
1951-02-01,80.2,16.5,343.1
1951-03-01,105.4,15.8,332.9
1951-04-01,79.3,3.3,246
1951-05-01,67.1,15.6,116.9
1951-06-01,92.2,34.2,65.4
1951-07-01,62.7,79.1,60.1
1951-08-01,43.9,124.4,22.1
1951-09-01,67.8,178.9,20.1
1951-10-01,63.4,156.7,28.7
1951-11-01,109.9,161.2,103.5
1951-12-01,98.9,74.8,140.1
1952-01-01,93.6,29.7,382.1
1952-02-01,51.2,22.4,157.9
1952-03-01,67.6,19,274.4
1952-04-01,72.6,5.8,223
1952-05-01,89.1,29.5,106.7
1952-06-01,38.1,37.5,36.4
1952-07-01,52.9,102.1,24.8
1952-08-01,88.2,121.9,24.4
1952-09-01,80.4,169.5,20.2
1952-10-01,24.3,235,21.6
1952-11-01,62.1,110.3,30
1952-12-01,68.7,77,55.4
1953-01-01,76.3,34.3,95.6
1953-02-01,28.4,35.3,78.4
1953-03-01,75.2,21,177
1953-04-01,66.1,25.2,98.8
1953-05-01,109.4,20.4,124.7
1953-06-01,58.6,36.2,50.1
1953-07-01,61,96.7,30.2
1953-08-01,65.4,117.7,25.8
1953-09-01,62.8,188.2,19.4
1953-10-01,17.2,152.9,16
1953-11-01,63.6,143.3,20
1953-12-01,66.3,124.2,29.5
1954-01-01,68.7,44.3,65.9
1954-02-01,81,13.9,160.8
1954-03-01,125.6,30.9,234.9
1954-04-01,128.5,7.3,201.3
1954-05-01,30.1,37.4,40.8
1954-06-01,61.9,37.1,26.8
1954-07-01,48.1,90,22.9
1954-08-01,67.7,129.4,32.7
1954-09-01,51.9,143.7,22.5
1954-10-01,217.2,165,222.7
1954-11-01,58.4,138.5,75.5
1954-12-01,62.2,94.1,125.5
1955-01-01,54.6,48,140.4
1955-02-01,61.5,16.3,147.3
1955-03-01,86.4,22.4,345.2
1955-04-01,86.1,1.6,146.7
1955-05-01,50.7,30.8,59.7
1955-06-01,49.1,52.5,30.8
1955-07-01,49.9,84,22.3
1955-08-01,106,139.2,24.9
1955-09-01,54.7,170.5,14.9
1955-10-01,137.2,174.1,24.3
1955-11-01,80.5,168.5,73.6
1955-12-01,38.3,74.9,49.9
1956-01-01,44.8,29.9,22.9
1956-02-01,73.5,16.2,136.1
1956-03-01,94.7,18.8,208.2
1956-04-01,96.5,4.6,131.3
1956-05-01,127.2,14.4,188
1956-06-01,64.9,30.4,53.1
1956-07-01,92.9,64.3,28
1956-08-01,164.7,95.1,48.4
1956-09-01,56.2,155.4,37
1956-10-01,24.5,125.3,17.5
1956-11-01,60.3,155.5,19.9
1956-12-01,64.8,63.4,57.2
1957-01-01,73.1,40.3,76.5
1957-02-01,53.6,12.6,79.8
1957-03-01,36.6,11.4,71.8
1957-04-01,128.3,6,240.4
1957-05-01,82.1,22,70.3
1957-06-01,133,34.7,57.7
1957-07-01,96.8,72,59.4
1957-08-01,59.5,123.8,13
1957-09-01,113.3,126.2,19.7
1957-10-01,64.7,167.5,23.4
1957-11-01,68.9,136,47.2
1957-12-01,85.4,68.7,140.6
1958-01-01,48.4,39.4,45.7
1958-02-01,29,23.6,44.1
1958-03-01,19.4,10.9,87.1
1958-04-01,75,5,70
1958-05-01,52.3,19.9,39.9
1958-06-01,109.4,46.1,55.5
1958-07-01,107.7,48.5,65.2
1958-08-01,100,111,62.8
1958-09-01,107.4,122.7,39.3
1958-10-01,52,163.9,17
1958-11-01,97.7,137.6,58.6
1958-12-01,29.5,80.5,33
1959-01-01,115,20.2,140.9
1959-02-01,75,12.2,190.9
1959-03-01,73.2,14.6,168.5
1959-04-01,98.8,0,151.4
1959-05-01,80,-4.1,84.4
1959-06-01,42.9,29.4,27.6
1959-07-01,77.7,55.7,16.2
1959-08-01,52.9,75.1,12.6
1959-09-01,77,162.6,12.9
1959-10-01,132.2,187.3,46
1959-11-01,81.7,151.9,69.8
1959-12-01,81.6,56.7,114.9
1960-01-01,76.4,39.4,127.9
1960-02-01,62.9,27.7,115
1960-03-01,38.4,19.5,87.4
1960-04-01,70.9,0.6,146.9
1960-05-01,92.6,-3.9,73.6
1960-06-01,96.6,25.1,62.6
1960-07-01,63.9,70.7,21.8
1960-08-01,66.1,94.1,15.4
1960-09-01,42.5,123.1,10.7
1960-10-01,40.2,168.5,10.4
1960-11-01,50,120.2,13.1
1960-12-01,26.9,101.6,10.2
1961-01-01,17.8,22.6,11.4
1961-02-01,79,5.2,71.5
1961-03-01,70.2,13.1,132.4
1961-04-01,164.2,4.2,219.2
1961-05-01,55.6,17.6,66.7
1961-06-01,91.1,29.9,36.2
1961-07-01,90,43.6,19.1
1961-08-01,107.4,97.4,22.2
1961-09-01,69.6,129.4,16.8
1961-10-01,41.7,163.3,12.9
1961-11-01,68.8,145.8,30.5
1961-12-01,54.6,97.7,33.8
1962-01-01,70.6,34.1,74.8
1962-02-01,56.6,6,65.2
1962-03-01,32.1,8.9,166.9
1962-04-01,38.7,5.6,57.1
1962-05-01,38.8,0,25.9
1962-06-01,80.7,21.1,16.8
1962-07-01,71.8,81.6,10.1
1962-08-01,80.8,86.1,10.4
1962-09-01,97.5,151.4,9.7
1962-10-01,70.6,132.5,14.3
1962-11-01,67.5,111.3,33.2
1962-12-01,70,93.2,24.6
1963-01-01,29.6,19.1,20.4
1963-02-01,22.9,8.2,13.4
1963-03-01,72.1,7.8,208.1
1963-04-01,74.9,2.7,66.6
1963-05-01,54.4,0.9,28.9
1963-06-01,41.9,20.2,19.6
1963-07-01,62.7,65.1,11.1
1963-08-01,67.2,111.8,11.5
1963-09-01,36.2,130.5,6.9
1963-10-01,18.8,114.2,6.2
1963-11-01,77.5,147.4,12.1
1963-12-01,48.3,115.4,14.8
1964-01-01,51.7,31.4,35.7
1964-02-01,33.5,25.4,17.3
1964-03-01,106.7,16.7,149.2
1964-04-01,112.5,4.1,155.8
1964-05-01,66.2,25.9,44.3
1964-06-01,53.1,38.5,19.7
1964-07-01,67.8,89,9.9
1964-08-01,148.2,129.8,16.7
1964-09-01,37.6,162.3,8.4
1964-10-01,34.9,168.9,8.2
1964-11-01,34.8,122.8,10.5
1964-12-01,80.8,80.6,33.9
1965-01-01,108.4,47.1,79
1965-02-01,75,22.4,107.2
1965-03-01,73.5,19.4,159.1
1965-04-01,50.3,2.5,132
1965-05-01,60.8,7.5,38
1965-06-01,63.9,41.6,17.8
1965-07-01,62.5,79,9
1965-08-01,94.2,105.2,8.8
1965-09-01,67.1,106.1,9.9
1965-10-01,90.2,178.9,25.9
1965-11-01,71.2,122.3,36.5
1965-12-01,70.7,68.1,76.7
1966-01-01,40.7,56,56.4
1966-02-01,48.3,15,78.5
1966-03-01,66.4,15.2,96.1
1966-04-01,86.9,7.1,70.6
1966-05-01,49.2,29.3,77.8
1966-06-01,76.6,17.4,20.4
1966-07-01,71.8,86.9,32.2
1966-08-01,85.4,106.8,12.3
1966-09-01,71,161.8,8.8
1966-10-01,35.9,171.4,8.8
1966-11-01,131.4,102.2,58.9
1966-12-01,111.9,94.4,181.1
1967-01-01,35.5,41.5,48.5
1967-02-01,40.1,39.4,79.7
1967-03-01,40.8,13.6,162.7
1967-04-01,86.5,2.7,115.2
1967-05-01,81.2,19.2,103.7
1967-06-01,96.3,21.9,29.5
1967-07-01,69.2,65.8,26.6
1967-08-01,72.1,116.2,17.5
1967-09-01,74,147,16.8
1967-10-01,79.4,157.9,34.9
1967-11-01,89.1,137.8,69
1967-12-01,89.2,65.3,147.2
1968-01-01,88.5,33.6,91.6
1968-02-01,24.8,25.8,130.5
1968-03-01,49.3,12.5,122.4
1968-04-01,58.1,2.3,67.9
1968-05-01,104.4,11.6,84.9
1968-06-01,94,29.9,59.4
1968-07-01,76.2,67.6,34.1
1968-08-01,86.3,105.1,26.9
1968-09-01,70.2,120.4,17.7
1968-10-01,66,179.7,19.9
1968-11-01,106.7,144.4,59.2
1968-12-01,98.3,114.5,115.2
1969-01-01,77.2,32,166.7
1969-02-01,13.5,18.3,92.8
1969-03-01,39.8,21.4,67.4
1969-04-01,119,0.1,181.2
1969-05-01,138.9,10.8,134.1
1969-06-01,107.3,28,44.4
1969-07-01,138.1,52.4,86.7
1969-08-01,30.3,106.9,15.5
1969-09-01,66.9,157,12.4
1969-10-01,61,190.3,15.8
1969-11-01,95.7,134.6,63.5
1969-12-01,64.2,97.2,47.1
1970-01-01,42.4,34.2,44.1
1970-02-01,36.8,17,85.4
1970-03-01,53.1,12.4,114.5
1970-04-01,74.6,1.8,141.8
1970-05-01,74.1,0.9,73.3
1970-06-01,82.4,30.9,33.6
1970-07-01,108.1,44.5,27.6
1970-08-01,38.3,104.3,15.3
1970-09-01,115.7,118,21.5
1970-10-01,89.5,140.3,35
1970-11-01,96.3,161.7,67.6
1970-12-01,63,111.5,80.5
1971-01-01,36.1,50.8,34.3
1971-02-01,79.1,14.3,153.2
1971-03-01,41.3,16.8,125.4
1971-04-01,34.9,5.7,68.9
1971-05-01,59.3,6.6,53
1971-06-01,66.4,12.8,33.2
1971-07-01,64.7,84.4,13.8
1971-08-01,63.9,100.2,9.3
1971-09-01,67.5,101.3,12
1971-10-01,50.9,109.5,12.5
1971-11-01,66.7,202.2,17.5
1971-12-01,103,95.1,75.2
1972-01-01,46.9,69.2,60.1
1972-02-01,51.6,25.2,33.9
1972-03-01,91.2,19.5,169.3
1972-04-01,87.5,8.7,172.7
1972-05-01,85.9,2.4,64.4
1972-06-01,116.9,36.6,61.8
1972-07-01,70.2,44.4,43.3
1972-08-01,87.8,81.2,21.1
1972-09-01,125.1,133.4,57.2
1972-10-01,63.6,186.3,52.4
1972-11-01,108.7,119.3,157.4
1972-12-01,89.3,79.6,143.2
1973-01-01,41.8,49.7,89.6
1973-02-01,43.5,34.3,62.1
1973-03-01,119.1,6.1,247.1
1973-04-01,70.3,13.8,111.6
1973-05-01,95,21.2,84
1973-06-01,121.6,24,91.1
1973-07-01,73.9,70.7,41.1
1973-08-01,55.8,92.2,22.9
1973-09-01,45.2,175.8,10.3
1973-10-01,93.5,160.6,16.1
1973-11-01,84.7,153.9,50.1
1973-12-01,89.2,107.8,92.9
1974-01-01,70.8,28.3,176.4
1974-02-01,59.6,35.2,94.2
1974-03-01,100.6,21.6,193.1
1974-04-01,86.3,6.2,135.4
1974-05-01,109.3,18.8,105.6
1974-06-01,103.2,35.6,32.5
1974-07-01,49.9,68.7,21.5
1974-08-01,57.7,96.3,13.8
1974-09-01,68.5,166.7,12.9
1974-10-01,37.3,158.1,13.3
1974-11-01,122.1,123,53.2
1974-12-01,78.5,78.8,88.7
1975-01-01,87,38,124.9
1975-02-01,79.4,30.6,142.1
1975-03-01,80,28,133.6
1975-04-01,52.5,19.7,84.4
1975-05-01,61.4,-0.6,62.5
1975-06-01,107.1,19.6,67.6
1975-07-01,59.3,78.1,19.1
1975-08-01,196.6,103.4,34.9
1975-09-01,91.4,171.2,54.6
1975-10-01,44.5,155.5,27.3
1975-11-01,67.4,120.5,31.4
1975-12-01,107.5,108.4,101.4
1976-01-01,79.6,48.3,88.3
1976-02-01,89.7,10.8,259.4
1976-03-01,123.2,11.6,189.9
1976-04-01,65,13.3,66.8
1976-05-01,81.7,25.9,57.8
1976-06-01,95.2,22.6,25.8
1976-07-01,111.2,70.7,37.8
1976-08-01,62.4,120.2,19.5
1976-09-01,118.1,163.5,20.5
1976-10-01,76.6,201.7,28.3
1976-11-01,37.3,140.8,26.5
1976-12-01,45.9,68.6,24.3
1977-01-01,47.1,19.5,12.8
1977-02-01,42.4,12,59.3
1977-03-01,98,8.6,197.9
1977-04-01,117.2,1.3,133
1977-05-01,42.2,2.6,43.6
1977-06-01,87.7,29.5,15.8
1977-07-01,118.5,63.6,37
1977-08-01,151.9,109.6,39.5
1977-09-01,187.5,135.4,77.2
1977-10-01,52.4,200.2,46.9
1977-11-01,99.7,139.5,62.2
1977-12-01,114.5,95.5,215.8
1978-01-01,96.6,32.7,59.1
1978-02-01,13.6,8.2,28.7
1978-03-01,61.1,11.8,289.9
1978-04-01,76.5,3.5,185.2
1978-05-01,82.2,-3.3,67
1978-06-01,76.8,9.2,28.1
1978-07-01,38.5,51.6,21.5
1978-08-01,72.8,74,11.8
1978-09-01,94.2,135.3,12.9
1978-10-01,100,181.5,18
1978-11-01,50.2,128.7,16.7
1978-12-01,76.2,94.7,42
1979-01-01,83.5,40.8,66.7
1979-02-01,38,12.1,48.8
1979-03-01,65.2,10.9,212.3
1979-04-01,108.2,2.9,177.5
1979-05-01,93.4,5.7,69.6
1979-06-01,65,27.5,27.6
1979-07-01,58.5,43.5,29.8
1979-08-01,99.9,110.5,41.3
1979-09-01,92.2,135.3,44.4
1979-10-01,86.1,191.6,34.2
1979-11-01,111.7,124.1,71.9
1979-12-01,98.4,92,135.9
1980-01-01,34.1,52.2,62.7
1980-02-01,31.8,29.7,39.3
1980-03-01,97.2,14.9,182.4
1980-04-01,83.7,1,139.2
1980-05-01,66.5,5.2,47.6
1980-06-01,112.5,38.4,76.9
1980-07-01,134.8,48.9,36.3
1980-08-01,129.5,80.3,52
1980-09-01,106.9,175.1,26.8
1980-10-01,90.9,240.4,27.7
1980-11-01,42.9,140.1,25.1
1980-12-01,59.2,84.8,47.2
1981-01-01,27.5,31,25.9
1981-02-01,89.3,12.6,182.7
1981-03-01,34,16.3,55.1
1981-04-01,123.2,0.8,101
1981-05-01,66.5,10.8,75.5
1981-06-01,133.8,25.6,151.7
1981-07-01,108.9,69.9,34
1981-08-01,89,98.8,24.6
1981-09-01,143.6,183.6,85.7
1981-10-01,91.1,185.9,84.3
1981-11-01,48.7,131.3,57
1981-12-01,68.4,97,72.7
1982-01-01,83.1,49.8,88.9
1982-02-01,41.3,12.1,106.5
1982-03-01,85.3,13.2,316.1
1982-04-01,49.3,13.1,138.9
1982-05-01,73.7,-3.4,51.2
1982-06-01,112.6,24.2,58.2
1982-07-01,56.6,50.7,36.8
1982-08-01,64.7,125.3,14.1
1982-09-01,100.2,119.9,16.5
1982-10-01,45.1,166.1,15.4
1982-11-01,159.2,143.3,93.8
1982-12-01,95.8,94.2,164.6
1983-01-01,29.6,60,47.3
1983-02-01,27,31.9,58.7
1983-03-01,61.9,27.9,72.9
1983-04-01,95.5,23.7,133.9
1983-05-01,107.3,32.4,137
1983-06-01,83,31.7,37.7
1983-07-01,118.2,72.5,37.5
1983-08-01,88.4,113.5,25.7
1983-09-01,79.3,196.1,16.4
1983-10-01,93,200.6,28.1
1983-11-01,116.1,138.2,113.1
1983-12-01,105.2,122.1,144.2
1984-01-01,35.9,28,34.2
1984-02-01,68.9,14.8,172.1
1984-03-01,65.8,23.8,183.4
1984-04-01,68.6,2.5,153.3
1984-05-01,122.8,17.9,113.1
1984-06-01,86.4,22.2,46.8
1984-07-01,58.7,66.4,21.4
1984-08-01,83.9,100.8,17.9
1984-09-01,98.3,152.9,20.7
1984-10-01,38.3,111,19.5
1984-11-01,75.2,181.4,53
1984-12-01,92.7,91.1,92.6
1985-01-01,56.9,65.9,78.6
1985-02-01,82.5,16,165.3
1985-03-01,117.6,10.3,197.2
1985-04-01,38.9,5.4,134.5
1985-05-01,71.3,14.4,28.9
1985-06-01,68.8,45.1,32.6
1985-07-01,86.3,64.7,20.9
1985-08-01,96,104.2,18.6
1985-09-01,58.3,143.3,21.3
1985-10-01,99.8,178.1,32.7
1985-11-01,215.8,128.4,184.3
1985-12-01,61.4,144.6,104.6
1986-01-01,34.2,30,74.8
1986-02-01,50.8,16.4,126.8
1986-03-01,40.9,11.2,171.5
1986-04-01,55.1,1.3,66.2
1986-05-01,73.3,0,50.9
1986-06-01,110.6,27.3,82.2
1986-07-01,59.3,44.2,59.8
1986-08-01,62,132.6,25.2
1986-09-01,96.8,99.3,55.2
1986-10-01,83.5,179.8,110.3
1986-11-01,48.7,162.3,62.8
1986-12-01,65.7,83.6,108.6
1987-01-01,37.3,50,47.7
1987-02-01,8.6,28.3,39.1
1987-03-01,49,21.3,90.2
1987-04-01,40.2,6.9,109.6
1987-05-01,32,11.3,32.3
1987-06-01,81.9,39.7,40
1987-07-01,56.6,62.9,59.9
1987-08-01,122.3,145.1,23.2
1987-09-01,61.4,128.1,24.8
1987-10-01,64.7,214.1,29.1
1987-11-01,49.2,121.1,33.6
1987-12-01,57.8,90.5,107.5
1988-01-01,24.1,49.2,45.9
1988-02-01,42.9,29.5,88
1988-03-01,33.8,17.9,94
1988-04-01,48.4,3.9,74.2
1988-05-01,32.7,6.6,27.4
1988-06-01,15.4,45.1,8.5
1988-07-01,62.1,36.9,10.4
1988-08-01,57.8,120.3,12.8
1988-09-01,48.1,149,13.4
1988-10-01,90.9,233.7,27.6
1988-11-01,66.4,107.8,72.9
1988-12-01,43.5,93.7,48.7
1989-01-01,32.1,32.8,88
1989-02-01,23.9,38.3,41.5
1989-03-01,50.6,18.5,68.2
1989-04-01,45.5,5.4,109.2
1989-05-01,112.5,3.9,107.6
1989-06-01,98.5,21,128.8
1989-07-01,68.8,58.8,40.4
1989-08-01,51.1,101.3,13.5
1989-09-01,82.1,165.1,21.3
1989-10-01,71.9,170.8,18.4
1989-11-01,79.2,171,47.5
1989-12-01,49.4,84.5,20.8
1990-01-01,57.5,14.9,116.6
1990-02-01,104.4,20.6,199.9
1990-03-01,34.7,16.4,99.9
1990-04-01,71.8,8.5,103.9
1990-05-01,111.7,21,107.3
1990-06-01,60.9,28,42.1
1990-07-01,79,64,58.4
1990-08-01,115.5,93.7,36.8
1990-09-01,147.9,175.8,63.5
1990-10-01,95,188.5,94.3
1990-11-01,67.5,127.1,62.9
1990-12-01,159.3,100.1,230.8
1991-01-01,46.1,54.9,140.4
1991-02-01,33,22.8,103.3
1991-03-01,66.6,15.1,115
1991-04-01,90.6,6.7,120.7
1991-05-01,64.7,13.6,41
1991-06-01,24.8,47.4,34.4
1991-07-01,43.5,99.5,12.7
1991-08-01,74.7,110.9,12.9
1991-09-01,42.6,216.6,9.1
1991-10-01,84.3,169.4,23.3
1991-11-01,67.3,154.9,28.1
1991-12-01,50,88.3,39
1992-01-01,48.5,42.2,55.7
1992-02-01,47.5,19.5,81.5
1992-03-01,57.9,28.1,101.4
1992-04-01,85.6,8,127
1992-05-01,43.8,24.2,43.6
1992-06-01,50.9,45.1,32
1992-07-01,143.9,65.9,110.3
1992-08-01,104.3,104.5,60.6
1992-09-01,123.4,149.8,104.7
1992-10-01,55.6,191,50.9
1992-11-01,110.1,129,209.9
1992-12-01,52.2,95,88.3
1993-01-01,70,45.4,228.4
1993-02-01,33.8,37.7,37.4
1993-03-01,55.3,19.5,219
1993-04-01,60.8,1.4,153.4
1993-05-01,29.7,7,34.9
1993-06-01,86.5,19.3,63.5
1993-07-01,47.4,57.9,37.9
1993-08-01,39.1,87.9,10.8
1993-09-01,90.1,209.2,18.3
1993-10-01,61,188.8,22
1993-11-01,70.3,124.3,63.4
1993-12-01,41.2,91.1,57.7
1994-01-01,55.5,39.2,53.9
1994-02-01,27.8,12.2,90.6
1994-03-01,51.3,10.9,119.8
1994-04-01,80.7,-0.1,156.2
1994-05-01,32.5,2.3,42.7
1994-06-01,96.5,14.2,33.8
1994-07-01,50.2,46.6,30.3
1994-08-01,93.6,103.9,28.7
1994-09-01,41.8,136.7,11.3
1994-10-01,38.5,170.6,13.4
1994-11-01,57.1,167.7,26.8
1994-12-01,50.1,81.8,48.7
1995-01-01,74.9,63.8,110.6
1995-02-01,21.4,39.3,34
1995-03-01,27.1,8.5,107.6
1995-04-01,55.7,11,112
1995-05-01,57.7,8.5,54.2
1995-06-01,35.4,15.6,41.1
1995-07-01,54.1,58.8,29.9
1995-08-01,53.9,107.7,28.2
1995-09-01,29.1,190,8.2
1995-10-01,85.9,200.3,21.8
1995-11-01,70.6,171.1,80.3
1995-12-01,26.7,87.9,36.3
1996-01-01,47.6,35.1,131.9
1996-02-01,26.3,12.6,80.5
1996-03-01,34,19.4,114.6
1996-04-01,88.2,1.6,144.2
1996-05-01,57.4,6.4,163.7
1996-06-01,110.2,11.9,97.2
1996-07-01,102.3,80.9,28.1
1996-08-01,33.1,91.1,17.9
1996-09-01,218.4,175.5,41.4
1996-10-01,94.8,178.3,46.9
1996-11-01,81.3,161.8,76.5
1996-12-01,81.6,75.2,149
1997-01-01,55.9,55.1,83.9
1997-02-01,79,14.6,164.5
1997-03-01,95.4,18.6,195.9
1997-04-01,45.4,10.1,66.8
1997-05-01,119.6,19.3,116.7
1997-06-01,110.7,10.3,127.9
1997-07-01,58.5,76.2,44.6
1997-08-01,89.9,112.8,30.7
1997-09-01,78,153.3,33.7
1997-10-01,51.2,191.4,20.2
1997-11-01,61.6,143.1,40.9
1997-12-01,57.9,72.7,83.9
1998-01-01,92,32.6,164.6
1998-02-01,46.7,18.3,112.5
1998-03-01,86.8,31.2,155.6
1998-04-01,110.3,20.2,132.3
1998-05-01,45,17.5,57.9
1998-06-01,59.1,46.1,41.1
1998-07-01,80.5,101.6,38.4
1998-08-01,83.1,111.4,68.1
1998-09-01,37.1,162.4,12.1
1998-10-01,41.3,207.5,12.1
1998-11-01,40.8,152.8,13
1998-12-01,43.8,120.2,16.2
1999-01-01,97.9,49.8,115
1999-02-01,42.4,19.5,60.2
1999-03-01,43,26.6,95.2
1999-04-01,95.9,11.9,124.8
1999-05-01,55.9,28.4,31.7
1999-06-01,59.2,46.4,29.1
1999-07-01,58.9,71,14.8
1999-08-01,67.8,156.1,9.8
1999-09-01,70.3,183.6,11
1999-10-01,58.3,212.7,14.9
1999-11-01,65,133.7,33.8
1999-12-01,47.2,110.1,43
2000-01-01,33.1,50.9,37.3
2000-02-01,35.2,16.4,72.7
2000-03-01,38.1,11,51.3
2000-04-01,102.9,18.6,105.2
2000-05-01,97,25.9,90.5
2000-06-01,126.9,40,118.2
2000-07-01,92,87.2,43.6
2000-08-01,87.5,114,46.3
2000-09-01,64,204.1,37.7
2000-10-01,53.3,145.7,32.6
2000-11-01,53.6,181.1,33.1
2000-12-01,57.3,103.1,67.7
2001-01-01,26.3,20,36.1
2001-02-01,38.6,20.3,157.6
2001-03-01,30.8,14.5,74.4
2001-04-01,54.8,-0.4,101.9
2001-05-01,73.5,13.8,67.4
2001-06-01,51.6,21.3,42
2001-07-01,22.5,94.1,12.3
2001-08-01,60.9,115.4,11.8
2001-09-01,70.4,176.7,14.6
2001-10-01,100.8,195.1,87.9
2001-11-01,66.8,88,32.5
2001-12-01,58.5,119,108.8
2002-01-01,48.2,46.9,47.3
2002-02-01,43.3,43.1,122.7
2002-03-01,56.8,38.5,115.1
2002-04-01,98.2,24.1,159.8
2002-05-01,92.8,38.2,122
2002-06-01,39.7,28.4,34.6
2002-07-01,50.4,89.7,14.2
2002-08-01,23.7,122.7,11.9
2002-09-01,74.6,145.6,11
2002-10-01,46.3,222.5,11.1
2002-11-01,75.9,152.7,27
2002-12-01,50.4,94.5,48.3
2003-01-01,26.8,17.7,44.8
2003-02-01,36.3,7.6,32.3
2003-03-01,42.4,6.6,145.8
2003-04-01,50.7,1.7,95.1
2003-05-01,98,-4.6,136.5
2003-06-01,55.4,12.1,64.1
2003-07-01,74.9,56.8,84.2
2003-08-01,51.6,94.4,44.5
2003-09-01,127.9,166.2,51.5
2003-10-01,57.6,175.1,49.6
2003-11-01,82.3,129.6,84.1
2003-12-01,70.5,101.4,131.2
2004-01-01,55.1,52.9,78
2004-02-01,18.8,15,58.4
2004-03-01,85,9.4,162.7
2004-04-01,68.2,7.8,87.8
2004-05-01,158.8,20.4,157.5
2004-06-01,63.6,58.3,113.3
2004-07-01,119,76.3,33.3
2004-08-01,67,117.7,42.4
2004-09-01,44.6,175.3,48.6
2004-10-01,54.8,155.3,18.9
2004-11-01,62,96.9,60.4
2004-12-01,69.7,99.7,108.3
2005-01-01,82.6,40.3,292.8
2005-02-01,40.6,15.4,142.8
2005-03-01,21.5,14.5,94.3
2005-04-01,79.1,3.2,153.1
2005-05-01,32.3,13.8,41.3
2005-06-01,54.9,18.8,19.4
2005-07-01,93.4,73.6,24.6
2005-08-01,98.9,109.2,16.5
2005-09-01,97.3,145.4,31
2005-10-01,52.4,189.1,29.4
2005-11-01,85,163,57.9
2005-12-01,48.4,95,82.4
2006-01-01,58.7,24.3,153.1
2006-02-01,47.8,40.3,115.3
2006-03-01,57.7,21.8,98.5
2006-04-01,58.3,10.9,61.4
2006-05-01,97.9,21.6,101.5
2006-06-01,86.4,34.1,64
2006-07-01,146.8,62.3,68.2
2006-08-01,80.1,134.3,23.6
2006-09-01,126.4,162.7,34.1
2006-10-01,128.4,199.3,121.5
2006-11-01,62.2,80.4,89.8
2006-12-01,80.8,95.3,180.8
2007-01-01,107.7,57,237.2
2007-02-01,28.2,35.3,29
2007-03-01,58.7,13.4,219.1
2007-04-01,67.6,6.9,105
2007-05-01,41.8,6.7,47.8
2007-06-01,41.9,37.5,18.8
2007-07-01,69.7,68.3,11.8
2007-08-01,131,99,87.2
2007-09-01,91.7,130.8,20.9
2007-10-01,61.2,161.9,14.8
2007-11-01,92.5,161.3,61.3
2007-12-01,100.7,99.5,157.4
2008-01-01,61.4,51.3,133.6
2008-02-01,103.2,26.8,214.3
2008-03-01,92.6,18.3,258.8
2008-04-01,47.2,2.1,129.9
2008-05-01,75.9,18.6,64.9
2008-06-01,111.8,22.4,66.2
2008-07-01,101.6,58,66.3
2008-08-01,65.3,112.2,21.2
2008-09-01,92.5,123.8,29.9
2008-10-01,74.7,199.7,23.1
2008-11-01,105.5,134.9,53.5
2008-12-01,107.9,96.4,160.3
2009-01-01,55,41.6,47.8
2009-02-01,63.2,14.1,177
2009-03-01,103.9,9.3,203.2
2009-04-01,94.7,1.6,125.7
2009-05-01,61.5,9.7,70
2009-06-01,103,22.8,49.7
2009-07-01,91.2,63.9,26.2
2009-08-01,97.5,100,31.4
2009-09-01,69.4,134.7,16.2
2009-10-01,100,166.9,34.7
2009-11-01,36.5,99.1,29.1
2009-12-01,75.5,119.7,69.8
2010-01-01,53.9,43.2,62.1
2010-02-01,47.1,19.8,27.5
2010-03-01,47,7.8,161.5
2010-04-01,71.3,10.2,73.8
2010-05-01,107.2,17.7,115.4
2010-06-01,103.6,46.2,91.5
2010-07-01,98.4,75.9,31.5
2010-08-01,46.4,103.3,15.5
2010-09-01,98.8,161.8,12.5
2010-10-01,113.4,188,19.9
2010-11-01,96.2,136.5,38.5
2010-12-01,62.4,99.7,52.1
2011-01-01,51.2,34.7,50.6
2011-02-01,91.8,21.7,107
2011-03-01,100.7,13.2,287.4
2011-04-01,146,5.5,201.8
2011-05-01,161.7,15.4,236.8
2011-06-01,79.8,53.6,56.1
2011-07-01,91.3,79.6,34.4
2011-08-01,121.4,136.6,33.1
2011-09-01,137.4,145.5,59.9
2011-10-01,123.9,176.1,111.1
2011-11-01,124.4,128.8,142.3
2011-12-01,100.2,80.9,242.9
2012-01-01,77,55.6,155.4
2012-02-01,39.2,26.2,80.9
2012-03-01,69.9,19.7,122
2012-04-01,34.3,44.2,31
2012-05-01,61.6,35.2,39.7
2012-06-01,60.6,70.6,16.5
2012-07-01,93.7,103.5,9.8
2012-08-01,88.1,134.8,12.3
2012-09-01,111.1,170.8,15.9
2012-10-01,158.6,172.6,57.7
2012-11-01,29.8,114.8,45.3
2012-12-01,87.9,73.9,60.5
2013-01-01,75.1,48.8,125.5
2013-02-01,59.8,29.2,75.3
2013-03-01,39.2,25.2,116.3
2013-04-01,94.4,15.7,165.6
2013-05-01,77.6,28.3,38.9
2013-06-01,153.4,39.9,75.3
2013-07-01,140.7,88.3,111.6
2013-08-01,73.3,98.4,25.3
2013-09-01,81.9,148.8,16.3
2013-10-01,123.7,162.8,41.9
2013-11-01,72.3,172.9,60.3
2013-12-01,92.7,86.7,130.7
2014-01-01,57.4,44.5,73.8
2014-02-01,60.2,20.6,71
2014-03-01,39.1,14.9,66.3
2014-04-01,104.7,0.9,115.5
2014-05-01,93.4,3.4,47.6
2014-06-01,97.6,29,23.6
2014-07-01,110.7,86.6,16
2014-08-01,81.1,91.1,29
2014-09-01,99.6,120.4,50.7
2014-10-01,82.9,152.6,23.8
2014-11-01,64.7,154.3,37.7
2014-12-01,43.4,67.4,39.4
2015-01-01,58.1,57.7,49
2015-02-01,40.3,34.2,19.6
2015-03-01,32.7,10.7,62.3
2015-04-01,71.8,5.6,70.7
2015-05-01,91.9,18.8,22.2
2015-06-01,166.3,42.9,94.1
2015-07-01,73.9,74.8,51.9
2015-08-01,74.2,122.1,11.1
2015-09-01,88.1,126.2,24.3
2015-10-01,67,184.6,29.2
2015-11-01,47,128,30.2
2015-12-01,75.1,70.5,57.5
2016-01-01,32.3,79,61.3
2016-02-01,52,29.4,68.7
2016-03-01,96.8,16.5,92.3
2016-04-01,62.7,36.9,81.1
2016-05-01,56.7,29.5,47.5
2016-06-01,57.3,70.1,17.9
2016-07-01,61.3,84.5,8.8
2016-08-01,104.7,116.2,14.1
2016-09-01,91,156.6,22.7
2016-10-01,71.3,185,54.4
2016-11-01,43.6,147,24.8
2016-12-01,68.9,122.2,62
2017-01-01,90.4,33,137.9
2017-02-01,47.2,23,84.5
2017-03-01,85.1,31.8,85.6
2017-04-01,87.3,12.1,94.2
2017-05-01,131.3,36.2,131.2
2017-06-01,92.4,60.1,28.4
2017-07-01,82.3,86.8,44.6
2017-08-01,54.2,128,11.2
2017-09-01,41,118.3,11.7
2017-10-01,76.8,172.3,28.4
2017-11-01,106.1,148.7,136.9
2017-12-01,32.9,105.8,32
2018-01-01,56,37.7,65.8
2018-02-01,80.2,16.4,107.8
2018-03-01,62.5,26,115.9
2018-04-01,81.5,24.3,128.8